{"mode": "train", "epoch": 2, "iter": 3, "lr": 0.1, "time": 0.60289, "data_time": 0.31861, "memory": 1585, "loss": 0.13926, "top1": 0.9375}
{"mode": "train", "epoch": 3, "iter": 3, "lr": 0.1, "time": 0.26656, "data_time": 0.0041, "memory": 1585, "loss": 0.1098, "top1": 0.95833}
{"mode": "train", "epoch": 4, "iter": 3, "lr": 0.1, "time": 0.26158, "data_time": 0.00631, "memory": 1585, "loss": 0.17906, "top1": 0.91667}
{"mode": "train", "epoch": 5, "iter": 3, "lr": 0.1, "time": 0.32447, "data_time": 0.07701, "memory": 1585, "loss": 0.06273, "top1": 0.97917}
{"mode": "train", "epoch": 6, "iter": 3, "lr": 0.1, "time": 0.24712, "data_time": 0.00226, "memory": 1585, "loss": 0.05547, "top1": 0.97917}
{"mode": "train", "epoch": 7, "iter": 3, "lr": 0.1, "time": 0.25495, "data_time": 0.00235, "memory": 1585, "loss": 0.26856, "top1": 0.875}
{"mode": "train", "epoch": 8, "iter": 3, "lr": 0.1, "time": 0.35364, "data_time": 0.11473, "memory": 1585, "loss": 1.82095, "top1": 0.6875}
{"mode": "train", "epoch": 9, "iter": 3, "lr": 0.1, "time": 0.27353, "data_time": 0.0078, "memory": 1585, "loss": 0.31454, "top1": 0.91667}
{"mode": "train", "epoch": 10, "iter": 3, "lr": 0.1, "time": 0.25459, "data_time": 0.00227, "memory": 1585, "loss": 0.17441, "top1": 0.95833}
{"mode": "train", "epoch": 11, "iter": 3, "lr": 0.1, "time": 0.29789, "data_time": 0.05748, "memory": 1585, "loss": 0.01812, "top1": 1.0}
{"mode": "train", "epoch": 12, "iter": 3, "lr": 0.01, "time": 0.26205, "data_time": 0.00233, "memory": 1585, "loss": 0.02678, "top1": 0.97917}
{"mode": "train", "epoch": 13, "iter": 3, "lr": 0.01, "time": 0.2547, "data_time": 0.00239, "memory": 1585, "loss": 0.02998, "top1": 0.97917}
{"mode": "train", "epoch": 14, "iter": 3, "lr": 0.01, "time": 0.30437, "data_time": 0.05169, "memory": 1585, "loss": 0.07024, "top1": 0.97917}
{"mode": "train", "epoch": 15, "iter": 3, "lr": 0.01, "time": 0.26423, "data_time": 0.0025, "memory": 1585, "loss": 0.0226, "top1": 1.0}
{"mode": "train", "epoch": 16, "iter": 3, "lr": 0.01, "time": 0.23843, "data_time": 0.00218, "memory": 1585, "loss": 0.03502, "top1": 0.97917}
{"mode": "train", "epoch": 17, "iter": 3, "lr": 0.01, "time": 0.28269, "data_time": 0.04448, "memory": 1585, "loss": 0.03314, "top1": 0.97917}
{"mode": "train", "epoch": 18, "iter": 3, "lr": 0.01, "time": 0.26416, "data_time": 0.00249, "memory": 1585, "loss": 0.02534, "top1": 1.0}
{"mode": "train", "epoch": 19, "iter": 3, "lr": 0.01, "time": 0.26616, "data_time": 0.00816, "memory": 1585, "loss": 0.04337, "top1": 0.97917}
{"mode": "train", "epoch": 20, "iter": 3, "lr": 0.01, "time": 0.55378, "data_time": 0.31405, "memory": 1585, "loss": 0.06312, "top1": 0.97917}
{"mode": "train", "epoch": 21, "iter": 3, "lr": 0.01, "time": 0.24882, "data_time": 0.00263, "memory": 1585, "loss": 0.05135, "top1": 0.97917}
{"mode": "train", "epoch": 22, "iter": 3, "lr": 0.01, "time": 0.25441, "data_time": 0.0023, "memory": 1585, "loss": 0.05677, "top1": 0.97917}
{"mode": "train", "epoch": 23, "iter": 3, "lr": 0.01, "time": 0.27657, "data_time": 0.03803, "memory": 1585, "loss": 0.04681, "top1": 0.97917}
{"mode": "train", "epoch": 24, "iter": 3, "lr": 0.01, "time": 0.27251, "data_time": 0.0084, "memory": 1585, "loss": 0.04997, "top1": 0.97917}
{"mode": "train", "epoch": 25, "iter": 3, "lr": 0.01, "time": 0.25445, "data_time": 0.00226, "memory": 1585, "loss": 0.02975, "top1": 0.97917}
{"mode": "train", "epoch": 26, "iter": 3, "lr": 0.01, "time": 0.30597, "data_time": 0.06621, "memory": 1585, "loss": 0.03813, "top1": 0.97917}
{"mode": "train", "epoch": 27, "iter": 3, "lr": 0.01, "time": 0.26243, "data_time": 0.00238, "memory": 1585, "loss": 0.0653, "top1": 0.97917}
{"mode": "train", "epoch": 28, "iter": 3, "lr": 0.01, "time": 0.2542, "data_time": 0.00225, "memory": 1585, "loss": 0.03992, "top1": 0.97917}
{"mode": "train", "epoch": 29, "iter": 3, "lr": 0.01, "time": 0.4396, "data_time": 0.18836, "memory": 1585, "loss": 0.07012, "top1": 0.97917}
{"mode": "train", "epoch": 30, "iter": 3, "lr": 0.01, "time": 0.26357, "data_time": 0.00298, "memory": 1585, "loss": 0.03632, "top1": 0.97917}
{"mode": "train", "epoch": 31, "iter": 3, "lr": 0.01, "time": 0.23894, "data_time": 0.0024, "memory": 1585, "loss": 0.04602, "top1": 0.97917}
{"mode": "train", "epoch": 32, "iter": 3, "lr": 0.01, "time": 0.30696, "data_time": 0.06806, "memory": 1585, "loss": 0.05438, "top1": 0.97917}
{"mode": "train", "epoch": 33, "iter": 3, "lr": 0.01, "time": 0.26248, "data_time": 0.0023, "memory": 1585, "loss": 0.04615, "top1": 0.97917}
{"mode": "train", "epoch": 34, "iter": 3, "lr": 0.01, "time": 0.25832, "data_time": 0.00363, "memory": 1585, "loss": 0.07204, "top1": 0.97917}
{"mode": "train", "epoch": 35, "iter": 3, "lr": 0.01, "time": 0.28081, "data_time": 0.04225, "memory": 1585, "loss": 0.04119, "top1": 0.97917}
{"mode": "train", "epoch": 36, "iter": 3, "lr": 0.01, "time": 0.2467, "data_time": 0.00227, "memory": 1585, "loss": 0.08243, "top1": 0.97917}
{"mode": "train", "epoch": 37, "iter": 3, "lr": 0.01, "time": 0.26238, "data_time": 0.00584, "memory": 1585, "loss": 0.06373, "top1": 0.97917}
{"mode": "train", "epoch": 38, "iter": 3, "lr": 0.01, "time": 0.46125, "data_time": 0.22137, "memory": 1585, "loss": 0.08722, "top1": 0.97917}
{"mode": "train", "epoch": 39, "iter": 3, "lr": 0.01, "time": 0.26773, "data_time": 0.00407, "memory": 1585, "loss": 0.047, "top1": 0.97917}
{"mode": "train", "epoch": 40, "iter": 3, "lr": 0.01, "time": 0.26382, "data_time": 0.00623, "memory": 1585, "loss": 0.07552, "top1": 0.97917}
{"mode": "train", "epoch": 41, "iter": 3, "lr": 0.01, "time": 0.27833, "data_time": 0.03937, "memory": 1585, "loss": 0.06575, "top1": 0.97917}
{"mode": "train", "epoch": 42, "iter": 3, "lr": 0.01, "time": 0.26421, "data_time": 0.00247, "memory": 1585, "loss": 0.03535, "top1": 0.97917}
{"mode": "train", "epoch": 43, "iter": 3, "lr": 0.01, "time": 0.25455, "data_time": 0.00228, "memory": 1585, "loss": 0.02823, "top1": 0.97917}
{"mode": "train", "epoch": 44, "iter": 3, "lr": 0.01, "time": 0.33416, "data_time": 0.08541, "memory": 1585, "loss": 0.01835, "top1": 1.0}
{"mode": "train", "epoch": 45, "iter": 3, "lr": 0.01, "time": 0.26336, "data_time": 0.00248, "memory": 1585, "loss": 0.07753, "top1": 0.97917}
{"mode": "train", "epoch": 46, "iter": 3, "lr": 0.01, "time": 0.23855, "data_time": 0.00222, "memory": 1585, "loss": 0.0406, "top1": 0.97917}
{"mode": "train", "epoch": 47, "iter": 3, "lr": 0.01, "time": 0.28148, "data_time": 0.04046, "memory": 1585, "loss": 0.06416, "top1": 0.97917}
{"mode": "train", "epoch": 48, "iter": 3, "lr": 0.01, "time": 0.26343, "data_time": 0.00246, "memory": 1585, "loss": 0.09542, "top1": 0.95833}
{"mode": "train", "epoch": 49, "iter": 3, "lr": 0.01, "time": 0.26728, "data_time": 0.00758, "memory": 1585, "loss": 0.03829, "top1": 0.97917}
{"mode": "train", "epoch": 50, "iter": 3, "lr": 0.01, "time": 0.27738, "data_time": 0.03843, "memory": 1585, "loss": 0.07132, "top1": 0.95833}
{"mode": "train", "epoch": 51, "iter": 3, "lr": 0.01, "time": 0.248, "data_time": 0.00263, "memory": 1585, "loss": 0.05192, "top1": 0.97917}
{"mode": "train", "epoch": 52, "iter": 3, "lr": 0.001, "time": 0.25421, "data_time": 0.00225, "memory": 1585, "loss": 0.03212, "top1": 0.97917}
{"mode": "train", "epoch": 53, "iter": 3, "lr": 0.001, "time": 0.28553, "data_time": 0.04694, "memory": 1585, "loss": 0.04364, "top1": 0.97917}
{"mode": "train", "epoch": 54, "iter": 3, "lr": 0.001, "time": 0.26885, "data_time": 0.00709, "memory": 1585, "loss": 0.05774, "top1": 0.97917}
{"mode": "train", "epoch": 55, "iter": 3, "lr": 0.001, "time": 0.25462, "data_time": 0.00235, "memory": 1585, "loss": 0.05374, "top1": 0.97917}
{"mode": "train", "epoch": 56, "iter": 3, "lr": 0.001, "time": 0.64815, "data_time": 0.40688, "memory": 1585, "loss": 0.06131, "top1": 0.97917}
{"mode": "train", "epoch": 57, "iter": 3, "lr": 0.001, "time": 0.26229, "data_time": 0.00232, "memory": 1585, "loss": 0.05656, "top1": 0.97917}
{"mode": "train", "epoch": 58, "iter": 3,