{"mode": "train", "epoch": 2, "iter": 3, "lr": 0.1, "time": 0.35763, "data_time": 0.05493, "memory": 1579, "loss": 0.38357, "top1": 0.85417}
{"mode": "train", "epoch": 3, "iter": 3, "lr": 0.1, "time": 0.24766, "data_time": 0.00227, "memory": 1579, "loss": 0.1314, "top1": 0.95833}
{"mode": "train", "epoch": 4, "iter": 3, "lr": 0.1, "time": 0.24762, "data_time": 0.00701, "memory": 1579, "loss": 0.14904, "top1": 0.9375}
{"mode": "train", "epoch": 5, "iter": 3, "lr": 0.1, "time": 0.31368, "data_time": 0.03153, "memory": 1579, "loss": 0.11618, "top1": 0.9375}
{"mode": "train", "epoch": 6, "iter": 3, "lr": 0.1, "time": 0.26282, "data_time": 0.02134, "memory": 1579, "loss": 1.72879, "top1": 0.625}
{"mode": "train", "epoch": 7, "iter": 3, "lr": 0.1, "time": 0.23921, "data_time": 0.00226, "memory": 1579, "loss": 0.65407, "top1": 0.72917}
{"mode": "train", "epoch": 8, "iter": 3, "lr": 0.1, "time": 0.23858, "data_time": 0.00227, "memory": 1579, "loss": 0.88841, "top1": 0.70833}
{"mode": "train", "epoch": 9, "iter": 3, "lr": 0.1, "time": 0.48211, "data_time": 0.01644, "memory": 1579, "loss": 0.17422, "top1": 0.89583}
{"mode": "train", "epoch": 10, "iter": 3, "lr": 0.1, "time": 0.29871, "data_time": 0.04878, "memory": 1579, "loss": 1.16525, "top1": 0.66667}
{"mode": "train", "epoch": 11, "iter": 3, "lr": 0.1, "time": 0.23848, "data_time": 0.00225, "memory": 1579, "loss": 0.09904, "top1": 0.95833}
{"mode": "train", "epoch": 12, "iter": 3, "lr": 0.01, "time": 0.24006, "data_time": 0.0023, "memory": 1579, "loss": 0.17721, "top1": 0.9375}
{"mode": "train", "epoch": 13, "iter": 3, "lr": 0.01, "time": 0.24005, "data_time": 0.00398, "memory": 1579, "loss": 0.44459, "top1": 0.79167}
{"mode": "train", "epoch": 14, "iter": 3, "lr": 0.01, "time": 0.33358, "data_time": 0.08764, "memory": 1579, "loss": 0.30253, "top1": 0.85417}
{"mode": "train", "epoch": 15, "iter": 3, "lr": 0.01, "time": 0.258, "data_time": 0.00766, "memory": 1579, "loss": 0.12344, "top1": 0.9375}
{"mode": "train", "epoch": 16, "iter": 3, "lr": 0.01, "time": 0.24198, "data_time": 0.00272, "memory": 1579, "loss": 0.18589, "top1": 0.875}
{"mode": "train", "epoch": 17, "iter": 3, "lr": 0.01, "time": 0.31588, "data_time": 0.06912, "memory": 1579, "loss": 0.20482, "top1": 0.85417}
{"mode": "train", "epoch": 18, "iter": 3, "lr": 0.01, "time": 0.24753, "data_time": 0.01122, "memory": 1579, "loss": 0.22798, "top1": 0.85417}
{"mode": "train", "epoch": 19, "iter": 3, "lr": 0.01, "time": 0.26087, "data_time": 0.00801, "memory": 1579, "loss": 0.12731, "top1": 0.9375}
{"mode": "train", "epoch": 20, "iter": 3, "lr": 0.01, "time": 0.2498, "data_time": 0.0043, "memory": 1579, "loss": 0.27532, "top1": 0.85417}
{"mode": "train", "epoch": 21, "iter": 3, "lr": 0.01, "time": 0.23839, "data_time": 0.00221, "memory": 1579, "loss": 0.13978, "top1": 0.9375}
{"mode": "train", "epoch": 22, "iter": 3, "lr": 0.01, "time": 0.27258, "data_time": 0.0365, "memory": 1579, "loss": 0.23787, "top1": 0.85417}
{"mode": "train", "epoch": 23, "iter": 3, "lr": 0.01, "time": 0.24255, "data_time": 0.0025, "memory": 1579, "loss": 0.18318, "top1": 0.875}
{"mode": "train", "epoch": 24, "iter": 3, "lr": 0.01, "time": 0.26518, "data_time": 0.00786, "memory": 1579, "loss": 0.25593, "top1": 0.85417}
{"mode": "train", "epoch": 25, "iter": 3, "lr": 0.01, "time": 0.33408, "data_time": 0.09729, "memory": 1579, "loss": 0.27508, "top1": 0.85417}
{"mode": "train", "epoch": 26, "iter": 3, "lr": 0.01, "time": 0.2406, "data_time": 0.00234, "memory": 1579, "loss": 0.13892, "top1": 0.9375}
{"mode": "train", "epoch": 27, "iter": 3, "lr": 0.01, "time": 0.23862, "data_time": 0.00238, "memory": 1579, "loss": 0.18752, "top1": 0.875}
{"mode": "train", "epoch": 28, "iter": 3, "lr": 0.01, "time": 0.24855, "data_time": 0.00417, "memory": 1579, "loss": 0.20489, "top1": 0.875}
{"mode": "train", "epoch": 29, "iter": 3, "lr": 0.01, "time": 0.27552, "data_time": 0.03912, "memory": 1579, "loss": 0.11371, "top1": 0.97917}
{"mode": "train", "epoch": 30, "iter": 3, "lr": 0.01, "time": 0.26292, "data_time": 0.00846, "memory": 1579, "loss": 0.35481, "top1": 0.8125}
{"mode": "train", "epoch": 31, "iter": 3, "lr": 0.01, "time": 0.24714, "data_time": 0.00242, "memory": 1579, "loss": 0.27857, "top1": 0.85417}
{"mode": "train", "epoch": 32, "iter": 3, "lr": 0.01, "time": 0.25842, "data_time": 0.02215, "memory": 1579, "loss": 0.25936, "top1": 0.85417}
{"mode": "train", "epoch": 33, "iter": 3, "lr": 0.01, "time": 0.24028, "data_time": 0.00226, "memory": 1579, "loss": 0.18319, "top1": 0.875}
{"mode": "train", "epoch": 34, "iter": 3, "lr": 0.01, "time": 0.23845, "data_time": 0.0023, "memory": 1579, "loss": 0.13334, "top1": 0.9375}
{"mode": "train", "epoch": 35, "iter": 3, "lr": 0.01, "time": 0.26874, "data_time": 0.01044, "memory": 1579, "loss": 0.22513, "top1": 0.85417}
{"mode": "train", "epoch": 36, "iter": 3, "lr": 0.01, "time": 0.4033, "data_time": 0.16133, "memory": 1579, "loss": 0.12914, "top1": 0.9375}
{"mode": "train", "epoch": 37, "iter": 3, "lr": 0.01, "time": 0.23851, "data_time": 0.0023, "memory": 1579, "loss": 0.12335, "top1": 0.9375}
{"mode": "train", "epoch": 38, "iter": 3, "lr": 0.01, "time": 0.24794, "data_time": 0.00249, "memory": 1579, "loss": 0.22005, "top1": 0.85417}
{"mode": "train", "epoch": 39, "iter": 3, "lr": 0.01, "time": 0.32264, "data_time": 0.07004, "memory": 1579, "loss": 0.34434, "top1": 0.83333}
{"mode": "train", "epoch": 40, "iter": 3, "lr": 0.01, "time": 0.2384, "data_time": 0.00226, "memory": 1579, "loss": 0.21617, "top1": 0.85417}
{"mode": "train", "epoch": 41, "iter": 3, "lr": 0.01, "time": 0.23834, "data_time": 0.00222, "memory": 1579, "loss": 0.12105, "top1": 0.9375}
{"mode": "train", "epoch": 42, "iter": 3, "lr": 0.01, "time": 0.24686, "data_time": 0.00223, "memory": 1579, "loss": 0.18549, "top1": 0.875}
{"mode": "train", "epoch": 43, "iter": 3, "lr": 0.01, "time": 0.27423, "data_time": 0.03602, "memory": 1579, "loss": 0.13149, "top1": 0.9375}
{"mode": "train", "epoch": 44, "iter": 3, "lr": 0.01, "time": 0.23837, "data_time": 0.00228, "memory": 1579, "loss": 0.22518, "top1": 0.85417}
{"mode": "train", "epoch": 45, "iter": 3, "lr": 0.01, "time": 0.2713, "data_time": 0.00812, "memory": 1579, "loss": 0.46177, "top1": 0.79167}
{"mode": "train", "epoch": 46, "iter": 3, "lr": 0.01, "time": 0.27629, "data_time": 0.0377, "memory": 1579, "loss": 0.19237, "top1": 0.875}
{"mode": "train", "epoch": 47, "iter": 3, "lr": 0.01, "time": 0.23847, "data_time": 0.00225, "memory": 1579, "loss": 0.23775, "top1": 0.85417}
{"mode": "train", "epoch": 48, "iter": 3, "lr": 0.01, "time": 0.23832, "data_time": 0.00225, "memory": 1579, "loss": 0.21179, "top1": 0.875}
{"mode": "train", "epoch": 49, "iter": 3, "lr": 0.01, "time": 0.25063, "data_time": 0.00465, "memory": 1579, "loss": 0.29334, "top1": 0.85417}
{"mode": "train", "epoch": 50, "iter": 3, "lr": 0.01, "time": 0.2961, "data_time": 0.04836, "memory": 1579, "loss": 0.22719, "top1": 0.85417}
{"mode": "train", "epoch": 51, "iter": 3, "lr": 0.01, "time": 0.23832, "data_time": 0.00213, "memory": 1579, "loss": 0.19467, "top1": 0.875}
{"mode": "train", "epoch": 52, "iter": 3, "lr": 0.001, "time": 0.24627, "data_time": 0.00231, "memory": 1579, "loss": 0.20221, "top1": 0.875}
{"mode": "train", "epoch": 53, "iter": 3, "lr": 0.001, "time": 0.2739, "data_time": 0.0327, "memory": 1579, "loss": 0.19831, "top1": 0.875}
{"mode": "train", "epoch": 54, "iter": 3, "lr": 0.001, "time": 0.25394, "data_time": 0.00646, "memory": 1579, "loss": 0.21941, "top1": 0.85417}
{"mode": "train", "epoch": 55, "iter": 3, "lr": 0.001, "time": 0.23909, "data_time": 0.00275, "memory": 1579, "loss": 0.24504, "top1": 0.85417}
{"mode": "train", "epoch": 56, "iter": 3, "lr": 0.001, "time": 0.25154, "data_time": 0.00456, "memory": 1579, "loss": 0.16469, "top1": 0.875}
{"mode": "train", "epoch": 57, "iter": 3, "lr": 0.001, "time": 0.42911, "data_time": 0.19244, "memory": 1579, "loss": 0.20997, "top1": 0.875}
{"mode": "train", "epoch": 58, "iter": 3, "lr": 0.001,