{"mode": "train", "epoch": 2, "iter": 4, "lr": 0.1, "time": 0.41986, "data_time": 0.18021, "memory": 1585, "loss": 0.53447, "top1": 0.85938, "top5": 1.0}
{"mode": "train", "epoch": 3, "iter": 4, "lr": 0.1, "time": 0.25285, "data_time": 0.00352, "memory": 1585, "loss": 1.90929, "top1": 0.64062, "top5": 1.0}
{"mode": "train", "epoch": 4, "iter": 4, "lr": 0.1, "time": 0.25374, "data_time": 0.00311, "memory": 1585, "loss": 0.24693, "top1": 0.95312, "top5": 1.0}
{"mode": "train", "epoch": 5, "iter": 4, "lr": 0.1, "time": 0.25299, "data_time": 0.00386, "memory": 1585, "loss": 0.38178, "top1": 0.9375, "top5": 1.0}
{"mode": "train", "epoch": 6, "iter": 4, "lr": 0.1, "time": 0.24086, "data_time": 0.00284, "memory": 1585, "loss": 0.23158, "top1": 0.9375, "top5": 1.0}
{"mode": "train", "epoch": 7, "iter": 4, "lr": 0.1, "time": 0.25208, "data_time": 0.0064, "memory": 1585, "loss": 0.16905, "top1": 0.95312, "top5": 1.0}
{"mode": "train", "epoch": 8, "iter": 4, "lr": 0.1, "time": 0.25177, "data_time": 0.00204, "memory": 1585, "loss": 0.25776, "top1": 0.95312, "top5": 1.0}
{"mode": "train", "epoch": 9, "iter": 4, "lr": 0.1, "time": 0.3159, "data_time": 0.06995, "memory": 1585, "loss": 0.10781, "top1": 0.9375, "top5": 1.0}
{"mode": "train", "epoch": 10, "iter": 4, "lr": 0.1, "time": 0.25289, "data_time": 0.00383, "memory": 1585, "loss": 1.05705, "top1": 0.82812, "top5": 1.0}
{"mode": "train", "epoch": 11, "iter": 4, "lr": 0.1, "time": 0.23859, "data_time": 0.00221, "memory": 1585, "loss": 0.6206, "top1": 0.90625, "top5": 1.0}
{"mode": "train", "epoch": 12, "iter": 4, "lr": 0.01, "time": 0.25074, "data_time": 0.0015, "memory": 1585, "loss": 0.3406, "top1": 0.92188, "top5": 1.0}
{"mode": "train", "epoch": 13, "iter": 4, "lr": 0.01, "time": 0.25068, "data_time": 0.00148, "memory": 1585, "loss": 0.35686, "top1": 0.92188, "top5": 1.0}
{"mode": "train", "epoch": 14, "iter": 4, "lr": 0.01, "time": 0.25208, "data_time": 0.0033, "memory": 1585, "loss": 0.33442, "top1": 0.9375, "top5": 1.0}
{"mode": "train", "epoch": 15, "iter": 4, "lr": 0.01, "time": 0.25248, "data_time": 0.00272, "memory": 1585, "loss": 0.23858, "top1": 0.95312, "top5": 1.0}
{"mode": "train", "epoch": 16, "iter": 4, "lr": 0.01, "time": 0.25057, "data_time": 0.00617, "memory": 1585, "loss": 0.26828, "top1": 0.9375, "top5": 1.0}
{"mode": "train", "epoch": 17, "iter": 4, "lr": 0.01, "time": 0.29874, "data_time": 0.06093, "memory": 1585, "loss": 0.25438, "top1": 0.95312, "top5": 1.0}
{"mode": "train", "epoch": 18, "iter": 4, "lr": 0.01, "time": 0.25576, "data_time": 0.0064, "memory": 1585, "loss": 0.32023, "top1": 0.9375, "top5": 1.0}
{"mode": "train", "epoch": 19, "iter": 4, "lr": 0.01, "time": 0.25205, "data_time": 0.0024, "memory": 1585, "loss": 0.28721, "top1": 0.95312, "top5": 1.0}
{"mode": "train", "epoch": 20, "iter": 4, "lr": 0.01, "time": 0.25163, "data_time": 0.002, "memory": 1585, "loss": 0.30019, "top1": 0.9375, "top5": 1.0}
{"mode": "train", "epoch": 21, "iter": 4, "lr": 0.01, "time": 0.25237, "data_time": 0.00598, "memory": 1585, "loss": 0.29711, "top1": 0.95312, "top5": 1.0}
{"mode": "train", "epoch": 22, "iter": 4, "lr": 0.01, "time": 0.25327, "data_time": 0.00743, "memory": 1585, "loss": 0.18523, "top1": 0.9375, "top5": 1.0}
{"mode": "train", "epoch": 23, "iter": 4, "lr": 0.01, "time": 0.25181, "data_time": 0.00237, "memory": 1585, "loss": 0.17668, "top1": 0.9375, "top5": 1.0}
{"mode": "train", "epoch": 24, "iter": 4, "lr": 0.01, "time": 0.26575, "data_time": 0.02663, "memory": 1585, "loss": 0.25366, "top1": 0.95312, "top5": 1.0}
{"mode": "train", "epoch": 25, "iter": 4, "lr": 0.01, "time": 0.25308, "data_time": 0.00404, "memory": 1585, "loss": 0.26604, "top1": 0.95312, "top5": 1.0}
{"mode": "train", "epoch": 26, "iter": 4, "lr": 0.01, "time": 0.24796, "data_time": 0.00566, "memory": 1585, "loss": 0.30984, "top1": 0.9375, "top5": 1.0}
{"mode": "train", "epoch": 27, "iter": 4, "lr": 0.01, "time": 0.25445, "data_time": 0.00338, "memory": 1585, "loss": 0.2973, "top1": 0.95312, "top5": 1.0}
{"mode": "train", "epoch": 28, "iter": 4, "lr": 0.01, "time": 0.25159, "data_time": 0.00195, "memory": 1585, "loss": 0.07661, "top1": 0.98438, "top5": 1.0}
{"mode": "train", "epoch": 29, "iter": 4, "lr": 0.01, "time": 0.25293, "data_time": 0.00346, "memory": 1585, "loss": 0.2323, "top1": 0.95312, "top5": 1.0}
{"mode": "train", "epoch": 30, "iter": 4, "lr": 0.01, "time": 0.252, "data_time": 0.00263, "memory": 1585, "loss": 0.28252, "top1": 0.95312, "top5": 1.0}
{"mode": "train", "epoch": 31, "iter": 4, "lr": 0.01, "time": 0.27941, "data_time": 0.03617, "memory": 1585, "loss": 0.25829, "top1": 0.95312, "top5": 1.0}
{"mode": "train", "epoch": 32, "iter": 4, "lr": 0.01, "time": 0.25331, "data_time": 0.00513, "memory": 1585, "loss": 0.29747, "top1": 0.9375, "top5": 1.0}
{"mode": "train", "epoch": 33, "iter": 4, "lr": 0.01, "time": 0.25223, "data_time": 0.00233, "memory": 1585, "loss": 0.16995, "top1": 0.95312, "top5": 1.0}
{"mode": "train", "epoch": 34, "iter": 4, "lr": 0.01, "time": 0.25232, "data_time": 0.00249, "memory": 1585, "loss": 0.3203, "top1": 0.9375, "top5": 1.0}
{"mode": "train", "epoch": 35, "iter": 4, "lr": 0.01, "time": 0.25147, "data_time": 0.00194, "memory": 1585, "loss": 0.32672, "top1": 0.9375, "top5": 1.0}
{"mode": "train", "epoch": 36, "iter": 4, "lr": 0.01, "time": 0.24084, "data_time": 0.00406, "memory": 1585, "loss": 0.17076, "top1": 0.95312, "top5": 1.0}
{"mode": "train", "epoch": 37, "iter": 4, "lr": 0.01, "time": 0.25989, "data_time": 0.00638, "memory": 1585, "loss": 0.31729, "top1": 0.9375, "top5": 1.0}
{"mode": "train", "epoch": 38, "iter": 4, "lr": 0.01, "time": 0.26753, "data_time": 0.0303, "memory": 1585, "loss": 0.35091, "top1": 0.9375, "top5": 1.0}
{"mode": "train", "epoch": 39, "iter": 4, "lr": 0.01, "time": 0.25371, "data_time": 0.00523, "memory": 1585, "loss": 0.16242, "top1": 0.95312, "top5": 1.0}
{"mode": "train", "epoch": 40, "iter": 4, "lr": 0.01, "time": 0.2518, "data_time": 0.00257, "memory": 1585, "loss": 0.29802, "top1": 0.9375, "top5": 1.0}
{"mode": "train", "epoch": 41, "iter": 4, "lr": 0.01, "time": 0.23911, "data_time": 0.00218, "memory": 1585, "loss": 0.29757, "top1": 0.9375, "top5": 1.0}
{"mode": "train", "epoch": 42, "iter": 4, "lr": 0.01, "time": 0.25146, "data_time": 0.00194, "memory": 1585, "loss": 0.32124, "top1": 0.9375, "top5": 1.0}
{"mode": "train", "epoch": 43, "iter": 4, "lr": 0.01, "time": 0.25137, "data_time": 0.0019, "memory": 1585, "loss": 0.28619, "top1": 0.95312, "top5": 1.0}
{"mode": "train", "epoch": 44, "iter": 4, "lr": 0.01, "time": 0.25287, "data_time": 0.00399, "memory": 1585, "loss": 0.3085, "top1": 0.95312, "top5": 1.0}
{"mode": "train", "epoch": 45, "iter": 4, "lr": 0.01, "time": 0.35303, "data_time": 0.11598, "memory": 1585, "loss": 0.29645, "top1": 0.9375, "top5": 1.0}
{"mode": "train", "epoch": 46, "iter": 4, "lr": 0.01, "time": 0.28943, "data_time": 0.008, "memory": 1585, "loss": 0.31416, "top1": 0.9375, "top5": 1.0}
{"mode": "train", "epoch": 47, "iter": 4, "lr": 0.01, "time": 0.25193, "data_time": 0.00245, "memory": 1585, "loss": 0.31146, "top1": 0.9375, "top5": 1.0}
{"mode": "train", "epoch": 48, "iter": 4, "lr": 0.01, "time": 0.2515, "data_time": 0.00209, "memory": 1585, "loss": 0.28598, "top1": 0.9375, "top5": 1.0}
{"mode": "train", "epoch": 49, "iter": 4, "lr": 0.01, "time": 0.25201, "data_time": 0.00297, "memory": 1585, "loss": 0.18052, "top1": 0.95312, "top5": 1.0}
{"mode": "train", "epoch": 50, "iter": 4, "lr": 0.01, "time": 0.25128, "data_time": 0.00222, "memory": 1585, "loss": 0.31244, "top1": 0.9375, "top5": 1.0}
{"mode": "train", "epoch": 51, "iter": 4, "lr": 0.01, "time": 0.25097, "data_time": 0.0066, "memory": 1585, "loss": 0.17169, "top1": 0.95312, "top5": 1.0}
{"mode": "train", "epoch": 52, "iter": 4, "lr": 0.001, "time": 0.26612, "data_time": 0.02882, "memory": 1585, "loss": 0.31613, "top1": 0.9375, "top5": 1.0}
{"mode": "train", "epoch": 53, "iter": 4, "lr": 0.001, "time": 0.25693, "data_time": 0.00553,