{"mode": "train", "epoch": 2, "iter": 6, "lr": 0.1, "time": 0.19651, "data_time": 0.04225, "memory": 8613, "loss": 6.3476, "top1": 0.5}
{"mode": "train", "epoch": 3, "iter": 6, "lr": 0.1, "time": 0.11577, "data_time": 0.00082, "memory": 8613, "loss": 8.98084, "top1": 0.59375}
{"mode": "train", "epoch": 4, "iter": 6, "lr": 0.1, "time": 0.11585, "data_time": 0.00077, "memory": 8613, "loss": 0.05585, "top1": 0.98958}
{"mode": "train", "epoch": 5, "iter": 6, "lr": 0.1, "time": 0.1157, "data_time": 0.00078, "memory": 8613, "loss": 0.04686, "top1": 0.97917}
{"mode": "train", "epoch": 6, "iter": 6, "lr": 0.1, "time": 0.11967, "data_time": 0.00097, "memory": 8613, "loss": 0.05016, "top1": 0.97917}
{"mode": "train", "epoch": 7, "iter": 6, "lr": 0.1, "time": 0.11569, "data_time": 0.00076, "memory": 8613, "loss": 0.01229, "top1": 0.98958}
{"mode": "train", "epoch": 8, "iter": 6, "lr": 0.1, "time": 0.11579, "data_time": 0.00075, "memory": 8613, "loss": 0.11729, "top1": 0.96875}
{"mode": "train", "epoch": 9, "iter": 6, "lr": 0.1, "time": 0.11666, "data_time": 0.00179, "memory": 8613, "loss": 0.07826, "top1": 0.98958}
{"mode": "train", "epoch": 10, "iter": 6, "lr": 0.1, "time": 0.11567, "data_time": 0.00072, "memory": 8613, "loss": 0.4048, "top1": 0.875}
{"mode": "train", "epoch": 11, "iter": 6, "lr": 0.1, "time": 0.11793, "data_time": 0.00215, "memory": 8613, "loss": 0.04743, "top1": 0.97917}
{"mode": "train", "epoch": 12, "iter": 6, "lr": 0.01, "time": 0.11566, "data_time": 0.00075, "memory": 8613, "loss": 0.04701, "top1": 0.98958}
{"mode": "train", "epoch": 13, "iter": 6, "lr": 0.01, "time": 0.15865, "data_time": 0.0434, "memory": 8613, "loss": 0.06121, "top1": 0.98958}
{"mode": "train", "epoch": 14, "iter": 6, "lr": 0.01, "time": 0.11579, "data_time": 0.00075, "memory": 8613, "loss": 0.07509, "top1": 0.98958}
{"mode": "train", "epoch": 15, "iter": 6, "lr": 0.01, "time": 0.11581, "data_time": 0.00074, "memory": 8613, "loss": 0.07082, "top1": 0.98958}
{"mode": "train", "epoch": 16, "iter": 6, "lr": 0.01, "time": 0.11415, "data_time": 0.00088, "memory": 8613, "loss": 0.05256, "top1": 0.98958}
{"mode": "train", "epoch": 17, "iter": 6, "lr": 0.01, "time": 0.11636, "data_time": 0.00113, "memory": 8613, "loss": 0.05752, "top1": 0.98958}
{"mode": "train", "epoch": 18, "iter": 6, "lr": 0.01, "time": 0.1158, "data_time": 0.00079, "memory": 8613, "loss": 0.06299, "top1": 0.98958}
{"mode": "train", "epoch": 19, "iter": 6, "lr": 0.01, "time": 0.12089, "data_time": 0.00092, "memory": 8613, "loss": 0.06663, "top1": 0.98958}
{"mode": "train", "epoch": 20, "iter": 6, "lr": 0.01, "time": 0.11569, "data_time": 0.00075, "memory": 8613, "loss": 0.04857, "top1": 0.98958}
{"mode": "train", "epoch": 21, "iter": 6, "lr": 0.01, "time": 0.11404, "data_time": 0.00083, "memory": 8613, "loss": 0.04206, "top1": 0.98958}
{"mode": "train", "epoch": 22, "iter": 6, "lr": 0.01, "time": 0.11575, "data_time": 0.00087, "memory": 8613, "loss": 0.05992, "top1": 0.98958}
{"mode": "train", "epoch": 23, "iter": 6, "lr": 0.01, "time": 0.15664, "data_time": 0.02488, "memory": 8613, "loss": 0.06365, "top1": 0.98958}
{"mode": "train", "epoch": 24, "iter": 6, "lr": 0.01, "time": 0.11576, "data_time": 0.00076, "memory": 8613, "loss": 0.06179, "top1": 0.98958}
{"mode": "train", "epoch": 25, "iter": 6, "lr": 0.01, "time": 0.11651, "data_time": 0.00109, "memory": 8613, "loss": 0.06009, "top1": 0.98958}
{"mode": "train", "epoch": 26, "iter": 6, "lr": 0.01, "time": 0.15301, "data_time": 0.03345, "memory": 8613, "loss": 0.06077, "top1": 0.98958}
{"mode": "train", "epoch": 27, "iter": 6, "lr": 0.01, "time": 0.11569, "data_time": 0.00079, "memory": 8613, "loss": 0.05793, "top1": 0.98958}
{"mode": "train", "epoch": 28, "iter": 6, "lr": 0.01, "time": 0.11583, "data_time": 0.00085, "memory": 8613, "loss": 0.07478, "top1": 0.98958}
{"mode": "train", "epoch": 29, "iter": 6, "lr": 0.01, "time": 0.11572, "data_time": 0.00074, "memory": 8613, "loss": 0.06688, "top1": 0.98958}
{"mode": "train", "epoch": 30, "iter": 6, "lr": 0.01, "time": 0.12043, "data_time": 0.00084, "memory": 8613, "loss": 0.06346, "top1": 0.98958}
{"mode": "train", "epoch": 31, "iter": 6, "lr": 0.01, "time": 0.11399, "data_time": 0.00082, "memory": 8613, "loss": 0.06232, "top1": 0.98958}
{"mode": "train", "epoch": 32, "iter": 6, "lr": 0.01, "time": 0.11566, "data_time": 0.00073, "memory": 8613, "loss": 0.05829, "top1": 0.98958}
{"mode": "train", "epoch": 33, "iter": 6, "lr": 0.01, "time": 0.11569, "data_time": 0.00072, "memory": 8613, "loss": 0.07578, "top1": 0.98958}
{"mode": "train", "epoch": 34, "iter": 6, "lr": 0.01, "time": 0.11632, "data_time": 0.00094, "memory": 8613, "loss": 0.10455, "top1": 0.96875}
{"mode": "train", "epoch": 35, "iter": 6, "lr": 0.01, "time": 0.11682, "data_time": 0.00125, "memory": 8613, "loss": 0.07749, "top1": 0.98958}
{"mode": "train", "epoch": 36, "iter": 6, "lr": 0.01, "time": 0.11525, "data_time": 0.00184, "memory": 8613, "loss": 0.07261, "top1": 0.98958}
{"mode": "train", "epoch": 37, "iter": 6, "lr": 0.01, "time": 0.14566, "data_time": 0.02709, "memory": 8613, "loss": 0.05703, "top1": 0.98958}
{"mode": "train", "epoch": 38, "iter": 6, "lr": 0.01, "time": 0.11671, "data_time": 0.00125, "memory": 8613, "loss": 0.04855, "top1": 0.98958}
{"mode": "train", "epoch": 39, "iter": 6, "lr": 0.01, "time": 0.11573, "data_time": 0.00083, "memory": 8613, "loss": 0.05146, "top1": 0.98958}
{"mode": "train", "epoch": 40, "iter": 6, "lr": 0.01, "time": 0.11701, "data_time": 0.0013, "memory": 8613, "loss": 0.05412, "top1": 0.98958}
{"mode": "train", "epoch": 41, "iter": 6, "lr": 0.01, "time": 0.11405, "data_time": 0.00082, "memory": 8613, "loss": 0.05677, "top1": 0.98958}
{"mode": "train", "epoch": 42, "iter": 6, "lr": 0.01, "time": 0.11575, "data_time": 0.00075, "memory": 8613, "loss": 0.05281, "top1": 0.98958}
{"mode": "train", "epoch": 43, "iter": 6, "lr": 0.01, "time": 0.12048, "data_time": 0.00085, "memory": 8613, "loss": 0.05551, "top1": 0.98958}
{"mode": "train", "epoch": 44, "iter": 6, "lr": 0.01, "time": 0.11579, "data_time": 0.00075, "memory": 8613, "loss": 0.05215, "top1": 0.98958}
{"mode": "train", "epoch": 45, "iter": 6, "lr": 0.01, "time": 0.11567, "data_time": 0.00074, "memory": 8613, "loss": 0.05635, "top1": 0.98958}
{"mode": "train", "epoch": 46, "iter": 6, "lr": 0.01, "time": 0.11414, "data_time": 0.00086, "memory": 8613, "loss": 0.05587, "top1": 0.98958}
{"mode": "train", "epoch": 47, "iter": 6, "lr": 0.01, "time": 0.11665, "data_time": 0.00155, "memory": 8613, "loss": 0.05861, "top1": 0.98958}
{"mode": "train", "epoch": 48, "iter": 6, "lr": 0.01, "time": 0.1158, "data_time": 0.00089, "memory": 8613, "loss": 0.053, "top1": 0.98958}
{"mode": "train", "epoch": 49, "iter": 6, "lr": 0.01, "time": 0.11753, "data_time": 0.00078, "memory": 8613, "loss": 0.05338, "top1": 0.98958}
{"mode": "train", "epoch": 50, "iter": 6, "lr": 0.01, "time": 0.12599, "data_time": 0.01291, "memory": 8613, "loss": 0.03988, "top1": 0.98958}
{"mode": "train", "epoch": 51, "iter": 6, "lr": 0.01, "time": 0.11414, "data_time": 0.0009, "memory": 8613, "loss": 0.04101, "top1": 0.98958}
{"mode": "train", "epoch": 52, "iter": 6, "lr": 0.001, "time": 0.11563, "data_time": 0.00072, "memory": 8613, "loss": 0.04336, "top1": 0.98958}
{"mode": "train", "epoch": 53, "iter": 6, "lr": 0.001, "time": 0.12215, "data_time": 0.00319, "memory": 8613, "loss": 0.04061, "top1": 0.98958}
{"mode": "train", "epoch": 54, "iter": 6, "lr": 0.001, "time": 0.11566, "data_time": 0.00074, "memory": 8613, "loss": 0.04463, "top1": 0.98958}
{"mode": "train", "epoch": 55, "iter": 6, "lr": 0.001, "time": 0.11569, "data_time": 0.00074, "memory": 8613, "loss": 0.0456, "top1": 0.98958}
{"mode": "train", "epoch": 56, "iter": 6, "lr": 0.001, "time": 0.11923, "data_time": 0.00304, "memory": 8613, "loss": 0.05192, "top1": 0.98958}
{"mode": "train", "epoch": 57, "iter": 6, "lr": 0.001, "time": 0.1157, "data_time": 0.00075, "memory": 8613, "loss": 0.05058, "top1": 0.98958}
{"mode": "train",