{"mode": "train", "epoch": 6, "iter": 6, "lr": 0.1, "time": 0.29683, "data_time": 0.04349, "memory": 8613, "loss": 0.00684, "top1": 1.0}
{"mode": "train", "epoch": 11, "iter": 6, "lr": 0.1, "time": 0.12088, "data_time": 0.00212, "memory": 8613, "loss": 0.04278, "top1": 0.98958}
{"mode": "train", "epoch": 16, "iter": 6, "lr": 0.01, "time": 0.11706, "data_time": 0.00124, "memory": 8613, "loss": 0.0216, "top1": 0.98958}
{"mode": "train", "epoch": 21, "iter": 6, "lr": 0.01, "time": 0.13282, "data_time": 0.01401, "memory": 8613, "loss": 0.02441, "top1": 0.98958}
{"mode": "train", "epoch": 26, "iter": 6, "lr": 0.01, "time": 0.11511, "data_time": 0.00123, "memory": 8613, "loss": 0.0261, "top1": 0.98958}
{"mode": "train", "epoch": 31, "iter": 6, "lr": 0.01, "time": 0.12223, "data_time": 0.00183, "memory": 8613, "loss": 0.02006, "top1": 0.98958}
{"mode": "train", "epoch": 36, "iter": 6, "lr": 0.01, "time": 0.15781, "data_time": 0.03933, "memory": 8613, "loss": 0.02335, "top1": 0.98958}
{"mode": "train", "epoch": 41, "iter": 6, "lr": 0.01, "time": 0.115, "data_time": 0.00121, "memory": 8613, "loss": 0.07571, "top1": 0.96875}
{"mode": "train", "epoch": 46, "iter": 6, "lr": 0.01, "time": 0.12659, "data_time": 0.00208, "memory": 8613, "loss": 0.0671, "top1": 0.96875}
{"mode": "train", "epoch": 51, "iter": 6, "lr": 0.01, "time": 0.15731, "data_time": 0.03822, "memory": 8613, "loss": 0.04354, "top1": 0.97917}
{"mode": "train", "epoch": 56, "iter": 6, "lr": 0.001, "time": 0.115, "data_time": 0.0012, "memory": 8613, "loss": 0.04305, "top1": 0.98958}
{"mode": "train", "epoch": 61, "iter": 6, "lr": 0.001, "time": 0.11522, "data_time": 0.00125, "memory": 8613, "loss": 0.03468, "top1": 0.98958}
{"mode": "train", "epoch": 66, "iter": 6, "lr": 0.001, "time": 0.13977, "data_time": 0.01499, "memory": 8613, "loss": 0.04124, "top1": 0.98958}
{"mode": "train", "epoch": 71, "iter": 6, "lr": 0.001, "time": 0.11504, "data_time": 0.00118, "memory": 8613, "loss": 0.04643, "top1": 0.97917}
{"mode": "train", "epoch": 76, "iter": 6, "lr": 0.001, "time": 0.11507, "data_time": 0.00122, "memory": 8613, "loss": 0.03632, "top1": 0.98958}
{"mode": "train", "epoch": 81, "iter": 6, "lr": 0.001, "time": 0.14131, "data_time": 0.00222, "memory": 8613, "loss": 0.04869, "top1": 0.97917}
{"mode": "train", "epoch": 86, "iter": 6, "lr": 0.001, "time": 0.12868, "data_time": 0.0145, "memory": 8613, "loss": 0.04305, "top1": 0.98958}
{"mode": "train", "epoch": 91, "iter": 6, "lr": 0.001, "time": 0.11527, "data_time": 0.00124, "memory": 8613, "loss": 0.0525, "top1": 0.96875}
{"mode": "train", "epoch": 96, "iter": 6, "lr": 0.001, "time": 0.11514, "data_time": 0.00122, "memory": 8613, "loss": 0.04033, "top1": 0.98958}
{"mode": "train", "epoch": 101, "iter": 6, "lr": 0.001, "time": 0.14331, "data_time": 0.01902, "memory": 8613, "loss": 0.03322, "top1": 0.98958}
