{"mode": "train", "epoch": 2, "iter": 5, "lr": 0.1, "time": 0.2871, "data_time": 0.03771, "memory": 1591, "loss": 0.92691, "top1": 0.85333}
{"mode": "train", "epoch": 3, "iter": 5, "lr": 0.1, "time": 0.24539, "data_time": 0.00197, "memory": 1591, "loss": 0.22285, "top1": 0.94667}
{"mode": "train", "epoch": 4, "iter": 5, "lr": 0.1, "time": 0.24225, "data_time": 0.00366, "memory": 1591, "loss": 0.09138, "top1": 0.97333}
{"mode": "train", "epoch": 5, "iter": 5, "lr": 0.1, "time": 0.24275, "data_time": 0.00293, "memory": 1591, "loss": 0.13697, "top1": 0.94667}
{"mode": "train", "epoch": 6, "iter": 5, "lr": 0.1, "time": 0.38292, "data_time": 0.1351, "memory": 1591, "loss": 0.10558, "top1": 0.94667}
{"mode": "train", "epoch": 7, "iter": 5, "lr": 0.1, "time": 0.25017, "data_time": 0.00929, "memory": 1591, "loss": 0.19136, "top1": 0.94667}
{"mode": "train", "epoch": 8, "iter": 5, "lr": 0.1, "time": 0.24099, "data_time": 0.00211, "memory": 1591, "loss": 0.09764, "top1": 0.96}
{"mode": "train", "epoch": 9, "iter": 5, "lr": 0.1, "time": 0.24069, "data_time": 0.00182, "memory": 1591, "loss": 0.10912, "top1": 0.96}
{"mode": "train", "epoch": 10, "iter": 5, "lr": 0.1, "time": 0.24401, "data_time": 0.00358, "memory": 1591, "loss": 0.08424, "top1": 0.96}
{"mode": "train", "epoch": 11, "iter": 5, "lr": 0.1, "time": 0.23893, "data_time": 0.00848, "memory": 1591, "loss": 0.08694, "top1": 0.97333}
{"mode": "train", "epoch": 12, "iter": 5, "lr": 0.01, "time": 0.31736, "data_time": 0.09447, "memory": 1591, "loss": 0.09366, "top1": 0.97333}
{"mode": "train", "epoch": 13, "iter": 5, "lr": 0.01, "time": 0.24075, "data_time": 0.00192, "memory": 1591, "loss": 0.08527, "top1": 0.96}
{"mode": "train", "epoch": 14, "iter": 5, "lr": 0.01, "time": 0.24265, "data_time": 0.00244, "memory": 1591, "loss": 0.08619, "top1": 0.96}
{"mode": "train", "epoch": 15, "iter": 5, "lr": 0.01, "time": 0.24075, "data_time": 0.00186, "memory": 1591, "loss": 0.09726, "top1": 0.96}
{"mode": "train", "epoch": 16, "iter": 5, "lr": 0.01, "time": 0.23983, "data_time": 0.00676, "memory": 1591, "loss": 0.09482, "top1": 0.96}
{"mode": "train", "epoch": 17, "iter": 5, "lr": 0.01, "time": 0.27196, "data_time": 0.04927, "memory": 1591, "loss": 0.10087, "top1": 0.96}
{"mode": "train", "epoch": 18, "iter": 5, "lr": 0.01, "time": 0.24076, "data_time": 0.00191, "memory": 1591, "loss": 0.10056, "top1": 0.96}
{"mode": "train", "epoch": 19, "iter": 5, "lr": 0.01, "time": 0.24234, "data_time": 0.00205, "memory": 1591, "loss": 0.10212, "top1": 0.96}
{"mode": "train", "epoch": 20, "iter": 5, "lr": 0.01, "time": 0.25173, "data_time": 0.00499, "memory": 1591, "loss": 0.10052, "top1": 0.96}
{"mode": "train", "epoch": 21, "iter": 5, "lr": 0.01, "time": 0.25316, "data_time": 0.03056, "memory": 1591, "loss": 0.10673, "top1": 0.96}
{"mode": "train", "epoch": 22, "iter": 5, "lr": 0.01, "time": 0.2412, "data_time": 0.00208, "memory": 1591, "loss": 0.10435, "top1": 0.96}
{"mode": "train", "epoch": 23, "iter": 5, "lr": 0.01, "time": 0.24083, "data_time": 0.00196, "memory": 1591, "loss": 0.10217, "top1": 0.96}
{"mode": "train", "epoch": 24, "iter": 5, "lr": 0.01, "time": 0.24219, "data_time": 0.00202, "memory": 1591, "loss": 0.10098, "top1": 0.96}
{"mode": "train", "epoch": 25, "iter": 5, "lr": 0.01, "time": 0.24633, "data_time": 0.002, "memory": 1591, "loss": 0.09921, "top1": 0.96}
{"mode": "train", "epoch": 26, "iter": 5, "lr": 0.01, "time": 0.26082, "data_time": 0.03167, "memory": 1591, "loss": 0.10479, "top1": 0.96}
{"mode": "train", "epoch": 27, "iter": 5, "lr": 0.01, "time": 0.24081, "data_time": 0.00196, "memory": 1591, "loss": 0.10624, "top1": 0.94667}
{"mode": "train", "epoch": 28, "iter": 5, "lr": 0.01, "time": 0.24249, "data_time": 0.00226, "memory": 1591, "loss": 0.10566, "top1": 0.94667}
{"mode": "train", "epoch": 29, "iter": 5, "lr": 0.01, "time": 0.24565, "data_time": 0.0064, "memory": 1591, "loss": 0.11436, "top1": 0.94667}
{"mode": "train", "epoch": 30, "iter": 5, "lr": 0.01, "time": 0.24084, "data_time": 0.00193, "memory": 1591, "loss": 0.11355, "top1": 0.96}
{"mode": "train", "epoch": 31, "iter": 5, "lr": 0.01, "time": 0.26174, "data_time": 0.03239, "memory": 1591, "loss": 0.11027, "top1": 0.94667}
{"mode": "train", "epoch": 32, "iter": 5, "lr": 0.01, "time": 0.24294, "data_time": 0.00208, "memory": 1591, "loss": 0.11057, "top1": 0.94667}
{"mode": "train", "epoch": 33, "iter": 5, "lr": 0.01, "time": 0.24171, "data_time": 0.00197, "memory": 1591, "loss": 0.11713, "top1": 0.94667}
{"mode": "train", "epoch": 34, "iter": 5, "lr": 0.01, "time": 0.24568, "data_time": 0.00208, "memory": 1591, "loss": 0.10716, "top1": 0.94667}
{"mode": "train", "epoch": 35, "iter": 5, "lr": 0.01, "time": 0.26162, "data_time": 0.02887, "memory": 1591, "loss": 0.11797, "top1": 0.94667}
{"mode": "train", "epoch": 36, "iter": 5, "lr": 0.01, "time": 0.22475, "data_time": 0.00207, "memory": 1591, "loss": 0.11289, "top1": 0.94667}
{"mode": "train", "epoch": 37, "iter": 5, "lr": 0.01, "time": 0.2441, "data_time": 0.0022, "memory": 1591, "loss": 0.12234, "top1": 0.94667}
{"mode": "train", "epoch": 38, "iter": 5, "lr": 0.01, "time": 0.24092, "data_time": 0.00192, "memory": 1591, "loss": 0.11968, "top1": 0.94667}
{"mode": "train", "epoch": 39, "iter": 5, "lr": 0.01, "time": 0.24595, "data_time": 0.00199, "memory": 1591, "loss": 0.13622, "top1": 0.94667}
{"mode": "train", "epoch": 40, "iter": 5, "lr": 0.01, "time": 0.2573, "data_time": 0.03408, "memory": 1591, "loss": 0.12097, "top1": 0.94667}
{"mode": "train", "epoch": 41, "iter": 5, "lr": 0.01, "time": 0.23332, "data_time": 0.0051, "memory": 1591, "loss": 0.12428, "top1": 0.94667}
{"mode": "train", "epoch": 42, "iter": 5, "lr": 0.01, "time": 0.24177, "data_time": 0.00185, "memory": 1591, "loss": 0.11846, "top1": 0.94667}
{"mode": "train", "epoch": 43, "iter": 5, "lr": 0.01, "time": 0.24524, "data_time": 0.00196, "memory": 1591, "loss": 0.11275, "top1": 0.96}
{"mode": "train", "epoch": 44, "iter": 5, "lr": 0.01, "time": 0.26377, "data_time": 0.02375, "memory": 1591, "loss": 0.12981, "top1": 0.96}
{"mode": "train", "epoch": 45, "iter": 5, "lr": 0.01, "time": 0.24352, "data_time": 0.00561, "memory": 1591, "loss": 0.12273, "top1": 0.94667}
{"mode": "train", "epoch": 46, "iter": 5, "lr": 0.01, "time": 0.23333, "data_time": 0.00449, "memory": 1591, "loss": 0.11153, "top1": 0.94667}
{"mode": "train", "epoch": 47, "iter": 5, "lr": 0.01, "time": 0.24282, "data_time": 0.00236, "memory": 1591, "loss": 0.10762, "top1": 0.96}
{"mode": "train", "epoch": 48, "iter": 5, "lr": 0.01, "time": 0.24513, "data_time": 0.00193, "memory": 1591, "loss": 0.11501, "top1": 0.94667}
{"mode": "train", "epoch": 49, "iter": 5, "lr": 0.01, "time": 0.25735, "data_time": 0.03061, "memory": 1591, "loss": 0.11849, "top1": 0.94667}
{"mode": "train", "epoch": 50, "iter": 5, "lr": 0.01, "time": 0.24702, "data_time": 0.0049, "memory": 1591, "loss": 0.12315, "top1": 0.94667}
{"mode": "train", "epoch": 51, "iter": 5, "lr": 0.01, "time": 0.22531, "data_time": 0.00201, "memory": 1591, "loss": 0.11836, "top1": 0.96}
{"mode": "train", "epoch": 52, "iter": 5, "lr": 0.001, "time": 0.24591, "data_time": 0.00207, "memory": 1591, "loss": 0.1257, "top1": 0.96}
{"mode": "train", "epoch": 53, "iter": 5, "lr": 0.001, "time": 0.24087, "data_time": 0.00198, "memory": 1591, "loss": 0.10999, "top1": 0.94667}
{"mode": "train", "epoch": 54, "iter": 5, "lr": 0.001, "time": 0.26082, "data_time": 0.03778, "memory": 1591, "loss": 0.11342, "top1": 0.96}
{"mode": "train", "epoch": 55, "iter": 5, "lr": 0.001, "time": 0.24089, "data_time": 0.00191, "memory": 1591, "loss": 0.1185, "top1": 0.96}
{"mode": "train", "epoch": 56, "iter": 5, "lr": 0.001, "time": 0.23473, "data_time": 0.00537, "memory": 1591, "loss": 0.11425, "top1": 0.96}
{"mode": "train", "epoch": 57, "iter": 5, "lr": 0.001, "time": 0.24526, "data_time": 0.00189, "memory": 1591, "loss": 0.11516, "top1": 0.94667}
{"mode": "train", "epoch": 58, "iter": 5, "lr": 0.001, "time": 0.26916, "data_time": 0.04632,